{
  "frutas": [
    {
      "id": "aguacate",
      "nombre": "Aguacate",
      "precio": 17000,
      "unidad": "kg"
    },
    {
      "id": "banana",
      "nombre": "Banana",
      "precio": 11000,
      "unidad": "kg"
    },
    {
      "id": "ciruela",
      "nombre": "Ciruela",
      "precio": 35000,
      "unidad": "kg"
    },
    {
      "id": "kiwi",
      "nombre": "Kiwi",
      "precio": 40000,
      "unidad": "kg"
    },
    {
      "id": "limon_tahiti",
      "nombre": "Limon tahiti",
      "precio": 12500,
      "unidad": "kg"
    },
    {
      "id": "mamon",
      "nombre": "Mamon",
      "precio": 10000,
      "unidad": "kg"
    },
    {
      "id": "manzana_roja",
      "nombre": "Manzana roja",
      "precio": 18500,
      "unidad": "kg"
    },
    {
      "id": "manzana_verde",
      "nombre": "Manzana verde",
      "precio": 20000,
      "unidad": "kg"
    },
    {
      "id": "melon",
      "nombre": "Melon",
      "precio": 6000,
      "unidad": "kg"
    },
    {
      "id": "murucuja",
      "nombre": "Murucuja",
      "precio": 25000,
      "unidad": "kg"
    },
    {
      "id": "pera",
      "nombre": "Pera",
      "precio": 18000,
      "unidad": "kg"
    },
    {
      "id": "piña",
      "nombre": "Piña",
      "precio": 9500,
      "unidad": "kg"
    },
    {
      "id": "pomelo",
      "nombre": "Pomelo",
      "precio": 9000,
      "unidad": "kg"
    },
    {
      "id": "uva",
      "nombre": "Uva",
      "precio": 40000,
      "unidad": "kg"
    }
  ],
  "hortalizas": [
    {
      "id": "aji",
      "nombre": "Aji",
      "precio": 40000,
      "unidad": "kg"
    },
    {
      "id": "ajo",
      "nombre": "Ajo",
      "precio": 40000,
      "unidad": "kg"
    },
    {
      "id": "batata",
      "nombre": "Batata",
      "precio": 7000,
      "unidad": "kg"
    },
    {
      "id": "berenjena",
      "nombre": "Berenjena",
      "precio": 10000,
      "unidad": "kg"
    },
    {
      "id": "cebolla_blanca",
      "nombre": "Cebolla blanca",
      "precio": 8500,
      "unidad": "kg"
    },
    {
      "id": "cebolla_morada",
      "nombre": "Cebolla morada",
      "precio": 15000,
      "unidad": "kg"
    },
    {
      "id": "locote_amarillo",
      "nombre": "Locote amarillo",
      "precio": 40000,
      "unidad": "kg"
    },
    {
      "id": "locote_rojo",
      "nombre": "Locote rojo",
      "precio": 33000,
      "unidad": "kg"
    },
    {
      "id": "locote_verde",
      "nombre": "Locote verde",
      "precio": 14000,
      "unidad": "kg"
    },
    {
      "id": "mandioca",
      "nombre": "Mandioca",
      "precio": 4500,
      "unidad": "kg"
    },
    {
      "id": "papa",
      "nombre": "Papa",
      "precio": 8000,
      "unidad": "kg"
    },
    {
      "id": "pepino",
      "nombre": "Pepino",
      "precio": 8500,
      "unidad": "kg"
    },
    {
      "id": "remolacha",
      "nombre": "Remolacha",
      "precio": 9000,
      "unidad": "kg"
    },
    {
      "id": "repollo_blanco",
      "nombre": "Repollo blanco",
      "precio": 7500,
      "unidad": "kg"
    },
    {
      "id": "tomate_perita",
      "nombre": "Tomate perita",
      "precio": 10500,
      "unidad": "kg"
    },
    {
      "id": "zanahorias",
      "nombre": "Zanahorias",
      "precio": 6000,
      "unidad": "kg"
    },
    {
      "id": "zapallito_de_tronco",
      "nombre": "Zapallito de tronco",
      "precio": 9000,
      "unidad": "kg"
    },
    {
      "id": "zapallo_nacional",
      "nombre": "Zapallo nacional",
      "precio": 5000,
      "unidad": "kg"
    },
    {
      "id": "zapallo_brasilero",
      "nombre": "Zapallo brasileño",
      "precio": 8000,
      "unidad": "kg"
    },
    {
      "id": "zucchini",
      "nombre": "Zucchini",
      "precio": 9000,
      "unidad": "kg"
    },
    {
      "id": "jengibre",
      "nombre": "Jengibre",
      "precio": 25000,
      "unidad": "kg"
    }
  ],
  "verdeos": [
    {
      "id": "acelga",
      "nombre": "Acelga",
      "precio": 2000,
      "unidad": "kg"
    },
    {
      "id": "albahaca",
      "nombre": "Albahaca",
      "precio": 3000,
      "unidad": "unidad"
    },
    {
      "id": "apio",
      "nombre": "Apio",
      "precio": 3000,
      "unidad": "unidad"
    },
    {
      "id": "cebollita",
      "nombre": "Cebollita",
      "precio": 2000,
      "unidad": "kg"
    },
    {
      "id": "chaucha",
      "nombre": "Chaucha",
      "precio": 0,
      "unidad": "kg"
    },
    {
      "id": "cilantro",
      "nombre": "Cilantro",
      "precio": 2000,
      "unidad": "kg"
    },
    {
      "id": "espinaca",
      "nombre": "Espinaca",
      "precio": 2500,
      "unidad": "kg"
    },
    {
      "id": "lechuga_hidro",
      "nombre": "Lechuga hidro",
      "precio": 5000,
      "unidad": "kg"
    },
    {
      "id": "lechuga_pirati",
      "nombre": "Lechuga pirati",
      "precio": 2250,
      "unidad": "kg"
    },
    {
      "id": "lechuga_repollada",
      "nombre": "Lechuga repollada",
      "precio": 25000,
      "unidad": "kg"
    },
    {
      "id": "perejil",
      "nombre": "Perejil",
      "precio": 1750,
      "unidad": "kg"
    },
    {
      "id": "remedios_refrescantes",
      "nombre": "Remedios refrescantes",
      "precio": 2000,
      "unidad": "kg"
    }
  ]
}